feature,importance
BP_Systolic,0.19024026002292388
BP_Diastolic,0.18329666160004685
BMI_Category,0.15594417391352905
Sleep Duration,0.12109859151422266
Age,0.0879952404422771
Heart Rate,0.058036796870258936
Daily Steps,0.046756548269046544
Hypertension,0.04661359657001231
Stress Level,0.043206183428291856
Physical Activity Level,0.030607454669271075
Quality of Sleep,0.02701363270427708
Gender,0.009190859995842543
